,combinedPval,adjustedPval,cluster
MYH15,6.72142356207729e-174,7.49665348095233e-169,1
LDHB,2.86381121837229e-162,1.59705753853473e-157,1
CKB,3.4661812623752e-158,1.28865359082583e-153,1
MYH7,9.0673608362501e-152,2.52829112569411e-147,2
MYH1D,1.45822349188171e-141,3.25282170226538e-137,2
ACTA1,7.25616130639658e-133,1.34884439319424e-128,1
FABP3,1.58673890304513e-132,2.52821266443559e-128,1
MYL10,1.84604616038299e-128,2.57370485701781e-124,1
SESTD1,5.84867719756823e-90,7.24805225281534e-86,2
NDUFA5,3.27139486857748e-86,3.64870826880482e-82,1
CYCS,1.06419165128597e-81,1.07902954206214e-77,1
COX6A1,9.72372461892895e-80,9.0376928512084e-76,1
ENSGALG00000045362,3.89188949042406e-74,3.33905306109935e-70,1
UQCRB,7.0422301975901e-73,5.61032931670414e-69,1
ENSGALG00000051266,9.03082777654728e-72,6.71494521576327e-68,1
ATP5MF,1.04055397022136e-70,7.25355320094564e-67,1
UQCRQ,2.83499314893737e-67,1.85998424311112e-63,1
IRX4,4.56568472763442e-65,2.82904324840619e-61,1
ATP5MC1,1.80825151321727e-64,1.06147900584322e-60,1
ENSGALG00000006899,3.49995929138515e-61,1.95181733174728e-57,1
BMP10,8.69254915211691e-61,4.61672528698858e-57,2
ATP5MPL,1.96301633660668e-60,9.95193213642319e-57,1
ATP5MC3,2.9655131214755e-56,1.43806390828524e-52,1
TUBAL3,1.76001096880452e-55,8.17919016332912e-52,2
NDUFB5,3.38492788536208e-55,1.51013434461968e-51,1
NPPA,1.90161192442146e-54,8.15745556610171e-51,1
MYL9,4.3811211953773e-54,1.80978788179171e-50,1
COX7B,1.14728403502323e-53,4.57003042763365e-50,1
UQCR10,2.19214821962329e-53,8.43098060055817e-50,1
CHGB,3.43468470027803e-53,1.27694382876412e-49,1
FHL1,6.11945420219241e-53,2.20169505917142e-49,3
MB,1.81186452198103e-52,6.31512448138538e-49,1
MICOS13,6.77513190751991e-52,2.28986557410273e-48,1
COX7C,8.59970030187135e-52,2.82104862633516e-48,1
ATP5PD,3.17724926040898e-51,1.01248690667618e-47,1
KCNJ5,2.31107155782295e-50,7.16006664637807e-47,2
NDUFB10,5.15697964837341e-50,1.55453271513194e-46,1
CSRP3,1.1083801670479e-49,3.25320418430361e-46,1
ATP5ME,1.85830096832261e-48,5.31444135467595e-45,1
PPDPF,3.78493819734752e-48,1.05537055693175e-44,1
UQCR11,2.25594353799177e-46,6.13692113050192e-43,1
SLC25A3,5.57352549112574e-46,1.48008573907743e-42,1
NDUFA4,1.05897864876804e-45,2.74678660659075e-42,1
HSPE1,2.02438581336401e-45,5.13152892740625e-42,1
MYLK,3.82342167338609e-45,9.47645395262071e-42,1
NDUFA8,1.8187698156927e-44,4.40987296681545e-41,1
SLC25A4,2.52316828115189e-44,5.9876241493256e-41,1
ACTC1,3.25902266785374e-44,7.57272727825158e-41,1
MYOM2,9.52974488592353e-44,2.16915890133393e-40,1
PLN,1.41866313772427e-43,3.16457543599069e-40,1
ATP5F1B,2.3825828235509e-43,5.21055522523686e-40,1
USMG5,4.3738436667027e-43,9.38136612049739e-40,1
UQCRH,5.95822644143629e-43,1.25385497552812e-39,1
NDUFA13,1.3368133985869e-42,2.76110678190335e-39,1
NRN1L,1.8758040808892e-42,3.80391636403897e-39,1
SFRP1,2.20648609131405e-42,4.39459988443552e-39,2
ATP5A1Z,4.97388934418411e-41,9.73256776439813e-38,1
ATP5PF,6.87379481062118e-41,1.32182737877377e-37,1
NINJ2,1.97573533630946e-40,3.73493397126485e-37,2
NMRK2,2.20056285840738e-40,4.09061588917226e-37,1
ENSGALG00000041812,8.84116527074368e-40,1.61653773486336e-36,1
PITX2,1.09179422862429e-39,1.96406238152151e-36,2
MUSTN1,1.75154446681433e-39,3.10089307126413e-36,1
COX6C,4.2271737359476e-39,7.36675618488417e-36,1
VDAC2,7.45117211189973e-39,1.27854910116196e-35,1
SEM1,3.53097400861566e-38,5.96700989423265e-35,4
ATP5F1C,4.13392876934745e-38,6.88167818193822e-35,1
NDUFS7,2.44795903947635e-37,4.01514660001392e-34,1
TBX5,4.31306265284922e-37,6.97176675240315e-34,2
NDUFB4,9.56026292076416e-37,1.52327378784401e-33,1
MYL3,9.76128067906518e-37,1.53339705506786e-33,1
ITGB1BP3,1.02606701358143e-36,1.58945926534049e-33,1
MYOZ2,3.04588390776141e-36,4.65368152568132e-33,1
MDH2,3.91908028388929e-36,5.90688632682124e-33,1
MPC2,1.30201194542736e-35,1.93624307763219e-32,1
COX7A2,3.96093758961446e-35,5.81286959266854e-32,1
NDUFA6,5.29802792536796e-35,7.67413952073945e-32,1
ACAA2,6.21093439940867e-35,8.88113582946445e-32,1
LRRC3B,9.02909817721858e-35,1.27474540977697e-31,2
FABP5,1.41466573356841e-34,1.97228658073551e-31,1
TNNC1,3.75437872348154e-34,5.16962729737068e-31,1
NDUFB1,5.77320255535412e-34,7.85252116375213e-31,1
NDUFS8,8.26201578341622e-34,1.11023292012567e-30,1
MGST3,1.00385142556465e-33,1.33289619065749e-30,1
ENSGALG00000036956,1.25052079727086e-33,1.64088507901925e-30,2
PROKR2,1.73531291055219e-33,2.25053369418446e-30,2
GKN2,2.37494092879911e-33,3.04466652375325e-30,2
ND3,4.21583343925679e-33,5.34326784545165e-30,2
MINOS1,5.01233907833032e-33,6.28140229558742e-30,1
THBS4,1.22328988674659e-32,1.51597852300113e-29,5
UQCRFS1,1.39951419203077e-32,1.71530789807525e-29,1
HADHB,1.60098695585074e-32,1.94091331292008e-29,1
DES,2.59982720235906e-32,3.11793967076489e-29,1
MDH1,2.70122490730361e-32,3.20508140668823e-29,1
COX4I2,6.92824366867016e-32,8.13402908600358e-29,1
UQCRC1,9.76218931313327e-32,1.13141887491962e-28,1
ATP5PB,9.83986139771893e-32,1.13141887491962e-28,1
ADCYAP1,1.12288903005712e-31,1.27795904502987e-28,1
ENSGALG00000028402,3.66848609557182e-31,4.1329281525381e-28,2
HADH,1.60055560820907e-30,1.78515914983195e-27,1
TMSB4X,2.68100305722963e-30,2.960616179617e-27,3
BDH1A,3.12885498792282e-30,3.42130219885331e-27,1
NDUFB3,3.85881736193166e-30,4.17852660727385e-27,1
CRIP1,4.0567495690559e-30,4.35061879968541e-27,3
ENSGALG00000043598,4.47937876679087e-30,4.7581120016116e-27,2
ENSGALG00000030086,4.77126588928911e-30,5.02034920429327e-27,1
NDUFB6,5.44330814787184e-30,5.67394753462159e-27,1
ND2,5.79977531178429e-30,5.98954160835422e-27,2
FGF13,1.69153867073783e-29,1.73085866109294e-26,2
LTBP2,3.99132743038646e-29,4.04697800835563e-26,3
NDUFB2,4.11167498222918e-29,4.13144496047593e-26,1
SOD2,4.72829137859676e-29,4.70860632835083e-26,1
ENSGALG00000038672,8.57620711133146e-29,8.46492256732235e-26,1
TOMM20,1.18813989825629e-28,1.16243559850056e-25,1
NDUFV3,1.38534958026221e-28,1.34359292987512e-25,1
TPM4,1.45257412203853e-28,1.39664646465878e-25,1
NDUFS6,2.52338134864799e-28,2.40548802758928e-25,1
OXCT1,9.23552819672931e-28,8.72943034692371e-25,1
GLRX5,1.12637881969762e-27,1.05570769428841e-24,1
ENSGALG00000043329,2.67764547371715e-27,2.48873125312238e-24,3
NDUFA1,3.07465195829703e-27,2.83411040462042e-24,1
SMIM4,4.83721311057072e-27,4.42223241244509e-24,1
SLC25A5,6.31557628303777e-27,5.72682677114246e-24,1
BVES,7.14262305602418e-27,6.4245426848436e-24,1
IGFBP7,1.07640025488681e-26,9.60439364449315e-24,4
SMPX,1.61247358560183e-26,1.42734262929767e-23,1
PHB,2.45847978238724e-26,2.15908178232347e-23,1
ACO2,2.56607101912917e-26,2.23596435015987e-23,1
ENSGALG00000028183,2.87934296814549e-26,2.48948698820453e-23,1
HSPB1,3.11542576045558e-26,2.67288471259843e-23,1
NDUFB9,6.87525313668421e-26,5.81979814741088e-23,1
CST3,6.88772311698673e-26,5.81979814741088e-23,6
TPI1,8.19945177672874e-26,6.87605509426697e-23,1
ENO1,8.43337174874707e-26,7.01944247247975e-23,1
ARHGAP25,1.97810139755291e-25,1.63425925857694e-22,2
DBI,2.39809418003715e-25,1.96667908617234e-22,4
SBSPON,4.69829203835227e-25,3.82494869251092e-22,5
CTNNA3,5.18539613766317e-25,4.19091667573135e-22,1
NEXN,6.40572863215597e-25,5.13996200987535e-22,1
GOT1,7.5106211638663e-25,5.98348206747306e-22,1
NDUFC2,1.0850549231346e-24,8.58299346584388e-22,1
ENSGALG00000003348,1.32398473907147e-24,1.03992209966931e-21,4
PRDX1,3.77765952827331e-24,2.94640843190066e-21,4
DERA,3.95180232451761e-24,3.06082777068056e-21,5
LDHA,4.90286413709437e-24,3.77127349847889e-21,2
CDON,6.70155730051239e-24,5.11951774051859e-21,3
NCS1,7.8330792878042e-24,5.94321389340749e-21,2
NDUFA12,1.16141169032139e-23,8.75247039665336e-21,1
ENSGALG00000050984,1.74736905167107e-23,1.30799036189259e-20,2
ACTG2,4.57487313058457e-23,3.40168400960115e-20,5
MYL1,5.3745474161608e-23,3.96982282296362e-20,7
UQCRC2,8.57354683838175e-23,6.29104960512641e-20,1
TMSB15B,1.77950640064363e-22,1.2972219730851e-19,4
DCN,2.18115116396658e-22,1.57968762942489e-19,3
SERPINE2,2.2136901524755e-22,1.59291025317113e-19,3
ACAD9,2.51468188065786e-22,1.79789625149977e-19,5
SDHB,2.86234604286535e-22,2.03342733272457e-19,1
NDUFS3,3.13006529166156e-22,2.20954312630861e-19,1
UBA52,3.44317389688961e-22,2.41528289481105e-19,3
MTFP1,4.50779488141893e-22,3.14231946896197e-19,1
FAM162A,5.06208364424048e-22,3.50678882363018e-19,1
NDUFB7,5.33863805782115e-22,3.67554408694564e-19,1
MYL2,9.50062180032308e-22,6.50085678336887e-19,1
EDNRB,9.76129411754578e-22,6.63849638988941e-19,2
TGM4,1.02394291670141e-21,6.92146416278174e-19,5
SDHA,1.11577465931408e-21,7.49677675936535e-19,5
AKR1D1,1.21581639844018e-21,8.12003120636171e-19,6
URAH,1.69079054973842e-21,1.12250091276126e-18,1
NDUFV2,2.17851412432029e-21,1.4377383201177e-18,1
SDR42E2,2.28248582032542e-21,1.49749485727016e-18,5
NDUFAB1,2.86118749247081e-21,1.86619224448444e-18,1
SEC61G,4.28099199497926e-21,2.776017129432e-18,3
ID2,4.33274786815362e-21,2.79333798342831e-18,3
TIMM13,9.67230462517521e-21,6.19993148939193e-18,4
ASB18,1.35586585211395e-20,8.64141469528906e-18,5
ATP5F1D,1.86095424408321e-20,1.1793133098754e-17,1
ENSGALG00000000629,1.9418256174739e-20,1.22361032399595e-17,1
SH3GLB2,2.60358669400026e-20,1.63139156997155e-17,2
S100A1,2.95264271448803e-20,1.83977214852048e-17,5
ENSGALG00000054974,3.62200415554425e-20,2.244308797741e-17,1
MCRIP2,3.79810362634699e-20,2.34042327068784e-17,1
RNF207,4.89899307444952e-20,3.00221375426912e-17,5
FKBP1B,5.03694295271427e-20,3.06540155224415e-17,2
IGFBP4,5.05707067587058e-20,3.06540155224415e-17,3
COX1,5.82185717661582e-20,3.50991008728512e-17,2
CHCHD10,6.18855897383314e-20,3.71093000178507e-17,5
HSPB7,6.46182149759485e-20,3.85406933212781e-17,5
RD3L,7.02924847937692e-20,4.17020321842277e-17,5
RRAD,7.86142442678399e-20,4.639226883692e-17,5
ENSGALG00000048305,7.9295519294428e-20,4.65480207665991e-17,7
FKBP1A,8.49663636403587e-20,4.96157816209423e-17,4
DKK3,1.18235099286258e-19,6.86833333842291e-17,3
ENSGALG00000021692,2.29364318151004e-19,1.32548470306703e-16,4
TFPI2,3.39252182773945e-19,1.95041529262345e-16,3
TCF12,4.24511942034608e-19,2.42807151129984e-16,3
S100A6,5.58452853263387e-19,3.17787357408942e-16,3
Wpkci-7,6.54194449557038e-19,3.7037938112992e-16,8
PDLIM5,7.05047640094394e-19,3.97154461638006e-16,5
CAV3,8.7085340905157e-19,4.88088025050551e-16,5
PDHA1,9.19414630179702e-19,5.12728652205708e-16,1
ENSGALG00000048441,1.0212638086944e-18,5.66693272705224e-16,2
OLFM1,1.15466505392271e-18,6.3754497248026e-16,2
CHURC1,1.17683137689744e-18,6.46583137029946e-16,8
CNMD,1.33758674993613e-18,7.31304024375962e-16,3
TOMM6,2.46643597188812e-18,1.34190619383893e-15,4
CAB39L,2.65208507559022e-18,1.43590730186311e-15,2
ENSGALG00000005257,2.86789412566484e-18,1.54525067405904e-15,2
NDUFV1,2.89326353803572e-18,1.55142516524035e-15,1
CPM,3.07952163234863e-18,1.64339948230992e-15,3
TRIM54,3.55740042082027e-18,1.88042696198395e-15,1
NDUFA2,3.55365763954396e-18,1.88042696198395e-15,1
MDK,5.76576886902796e-18,3.03338504135181e-15,3
IFI27L1,6.02263978496523e-18,3.15364974932936e-15,1
CDK2AP1,9.09776906826509e-18,4.7416261373721e-15,3
SNRPF,9.7313889207662e-18,5.04826962888868e-15,4
COL4A1,1.08263443031932e-17,5.59028894952093e-15,5
FRZB,1.38653433960037e-17,7.12651279020447e-15,3
TNFRSF19,2.02199684481404e-17,1.03449918470454e-14,3
LMO4,2.17233767499032e-17,1.10634198060795e-14,3
LYPD1,2.22761678246365e-17,1.12933808199262e-14,2
ANGPT1,2.38370108203099e-17,1.20300018104546e-14,2
ALDH1A3,2.56761321835948e-17,1.28997947762052e-14,6
POLR2L,2.89612459596398e-17,1.44850017395974e-14,1
SLIRP,3.24336422234797e-17,1.61493064615516e-14,4
SERP1,3.27509385766063e-17,1.62348172835175e-14,3
ATP2A2,3.44185070364478e-17,1.69859468856238e-14,2
PFDN1,5.696303378991e-17,2.79881006394036e-14,4
OTUB1,5.9070693596521e-17,2.88963770871969e-14,4
COII,6.33502853830981e-17,3.08545535008587e-14,2
ITM2B,7.81236273983392e-17,3.78844282064673e-14,5
BAMBI,8.27862200888352e-17,3.99716657031551e-14,3
VIM,8.39299139586909e-17,4.03492034695674e-14,3
ENSGALG00000011687,8.83626673125562e-17,4.22979255774054e-14,3
COX3,9.96042976022541e-17,4.74753737692158e-14,2
TESC,1.06058890244332e-16,5.03367751744028e-14,7
HSPD1,1.13520058601547e-16,5.36496355937632e-14,5
COX5A,1.15076192501146e-16,5.4155592391855e-14,1
PENK,1.32036936060719e-16,6.18763451921922e-14,3
POPDC2,1.80122632894778e-16,8.40575172391553e-14,1
EDNRA,2.044462773728e-16,9.50110545022739e-14,5
PRDX3,3.08754989927329e-16,1.42890420849627e-13,5
SELENOP2,3.33066907387547e-16,1.53504917054843e-13,2
DPT,4.44089209850063e-16,2.02167020012364e-13,3
ENSGALG00000015617,4.44089209850063e-16,2.02167020012364e-13,3
MFAP2,4.44089209850063e-16,2.02167020012364e-13,3
FAU,5.55111512312578e-16,2.51681503572303e-13,3
FMC1,6.66133814775094e-16,2.99582176832839e-13,5
VCAN,6.66133814775094e-16,2.99582176832839e-13,3
MOXD1,7.7715611723761e-16,3.45335098925503e-13,3
IGFBP2,7.7715611723761e-16,3.45335098925503e-13,5
NDFIP1,7.7715611723761e-16,3.45335098925503e-13,1
COX17,8.88178419700125e-16,3.93102538912931e-13,4
PKIB,1.11022302462516e-15,4.89435967421238e-13,2
CSRP1,1.55431223447522e-15,6.82512675829144e-13,8
SDK1,1.77635683940025e-15,7.64956291938676e-13,2
GSN,1.77635683940025e-15,7.64956291938676e-13,4
TXNDC17,1.77635683940025e-15,7.64956291938676e-13,4
S100A10,1.77635683940025e-15,7.64956291938676e-13,3
ND6,1.77635683940025e-15,7.64956291938676e-13,2
ENSGALG00000007699,2.22044604925031e-15,9.52517690442871e-13,3
ALCAM,3.33066907387547e-15,1.41786984455237e-12,3
SH3BGRL3,3.33066907387547e-15,1.41786984455237e-12,4
GAPDH,4.10782519111308e-15,1.73545836781447e-12,1
CTHRC1,4.10782519111308e-15,1.73545836781447e-12,3
PTX3,5.10702591327572e-15,2.14945501465976e-12,3
TIMM10,5.6621374255883e-15,2.36524055716713e-12,4
MYBPC3,5.6621374255883e-15,2.36524055716713e-12,2
MYH1B,5.99520433297585e-15,2.49502768168245e-12,2
CORO7,7.21644966006352e-15,2.99210947369601e-12,5
ANGPTL2,8.21565038222616e-15,3.39378525261497e-12,3
SMYD1,8.77076189453874e-15,3.60972571249014e-12,5
MAP1LC3B2,9.54791801177635e-15,3.90078673228985e-12,5
COL1A1,9.54791801177635e-15,3.90078673228985e-12,3
MRPL51,1.0325074129014e-14,4.17244162226606e-12,4
HAPLN3,1.0325074129014e-14,4.17244162226606e-12,2
ENSGALG00000040182,1.0325074129014e-14,4.17244162226606e-12,6
UBC,1.33226762955019e-14,5.36435955628476e-12,3
ND1,1.34336985979644e-14,5.38960549304545e-12,2
LYVE1,1.3988810110277e-14,5.59220063421298e-12,6
LUM,1.57651669496772e-14,6.27981305913407e-12,3
RBX1,2.04281036531029e-14,8.10826446811156e-12,4
ENSGALG00000048179,2.22044604925031e-14,8.78207799699101e-12,3
TM4SF18,2.43138842392909e-14,9.58239528159312e-12,5
CPE,2.50910403565285e-14,9.8538625863421e-12,3
S100A11,2.97539770599542e-14,1.16441109947472e-11,3
ITGB5,3.05311331771918e-14,1.19064711305359e-11,3
COL6A2,4.6074255521944e-14,1.79053412541439e-11,3
PPIA,4.65183447317941e-14,1.80151522911192e-11,3
C1QBP,4.68514116391816e-14,1.80813565735972e-11,5
ENSGALG00000030096,5.28466159721575e-14,2.03247567877948e-11,6
ND4,5.35127497869325e-14,2.05102262828695e-11,2
ENSGALG00000046914,5.59552404411079e-14,2.13729311910332e-11,3
NCAM1,5.61772850460329e-14,2.13845097874853e-11,3
ENSGALG00000043610,6.21724893790088e-14,2.35861523347759e-11,6
REM1,6.23945339839338e-14,2.3590149987714e-11,5
TGFBI,6.3948846218409e-14,2.40961231960683e-11,3
ENSGALG00000013239,8.01581023779363e-14,3.01021247222114e-11,4
ACTG1,8.95949980872501e-14,3.35330976189133e-11,3
GPX3,9.9253938401489e-14,3.70239484893881e-11,6
GNG5,1.0325074129014e-13,3.83864629248477e-11,8
FSTL1,1.0369483049999e-13,3.84234876988616e-11,3
VEGFD,1.05138120432002e-13,3.8829289029941e-11,2
IRAK1BP1,1.0680345496894e-13,3.93141459956388e-11,5
ENSGALG00000043758,1.14575016141316e-13,4.20361096545446e-11,1
FHL2,1.23900889548167e-13,4.53086119768694e-11,5
RASL11B,1.2534417948018e-13,4.56866083092484e-11,4
APOA1,1.2578826869003e-13,4.56991304968503e-11,3
PLIN4,1.27675647831893e-13,4.62342190653277e-11,5
TUBA1B,1.29674049276218e-13,4.68059178371668e-11,4
OLFML3,1.61870516990348e-13,5.82387751763038e-11,3
PTN,2.01616501271928e-13,7.23055872539399e-11,3
ENSGALG00000049239,2.24043006369357e-13,8.00908624714047e-11,5
ENSGALG00000039468,2.43582931602759e-13,8.6797794143168e-11,5
ENSGALG00000004503,2.63788990650937e-13,9.36986191796159e-11,5
PRRX1,2.78888023785839e-13,9.87473577749282e-11,6
HBBA,3.28181926079196e-13,1.15833385469426e-10,2
CYTB,4.12114786740858e-13,1.44999033659341e-10,2
AKAP12,4.42978986825437e-13,1.55368215733559e-10,6
MYH10,4.99378316476395e-13,1.74600374391713e-10,3
PPIB,5.72653036101656e-13,1.99594128796738e-10,3
URM1,6.27942142727989e-13,2.18182930663188e-10,8
KRT19,6.58584298207643e-13,2.28119112472647e-10,6
AZIN2,6.72795152922845e-13,2.3231994939037e-10,2
FIBIN,6.87450096847897e-13,2.36647728425584e-10,3
NME2,7.97806265495637e-13,2.73791684940899e-10,8
FH,8.38329405894456e-13,2.86815932659336e-10,5
MSX1,8.72524275052911e-13,2.97602063851611e-10,3
MRPS18C,1.10500497640942e-12,3.7574790075827e-10,4
PERP2,1.1314282843955e-12,3.83563529431437e-10,5
COL6A3,1.19049214930556e-12,4.02363677363775e-10,3
ATP6V1G1,1.20303766948382e-12,4.05375413949566e-10,1
ENSGALG00000028466,1.31028521366261e-12,4.40183672210506e-10,3
COL9A2,1.37323485915886e-12,4.59945907117545e-10,3
CORO6,1.37789779586228e-12,4.60125933320731e-10,5
TRIM55,1.42297285066206e-12,4.73759552535169e-10,5
MFN1,1.45561340758604e-12,4.83184442595697e-10,5
HBA1,1.56452628630177e-12,5.17796530618315e-10,2
GFPT2,1.61048951952125e-12,5.3143160067555e-10,3
ENSGALG00000011812,1.7439383270812e-12,5.72082124879988e-10,3
ENSGALG00000040371,1.74327219326642e-12,5.72082124879988e-10,3
HBE1,1.79523063081888e-12,5.85464162888877e-10,2
APLN,1.79389836318933e-12,5.85464162888877e-10,5
MRPL2,1.89648297066469e-12,6.16681613544859e-10,5
SLIT1,2.30859775740555e-12,7.48507229988075e-10,3
IL13RA2,2.51376697235628e-12,8.10317260436698e-10,5
NPM1,2.50821585723315e-12,8.10317260436698e-10,3
SLC5A6,2.68562949656825e-12,8.63222588223544e-10,5
CTSK,2.81796808110357e-12,9.03156471967449e-10,3
ENSGALG00000010722,3.1836755454151e-12,1.01744173290779e-09,6
SERPINF1,3.28581606368061e-12,1.04708364675004e-09,3
ENSGALG00000051984,3.58624241414418e-12,1.13956394209947e-09,3
DSP,3.78097553266343e-12,1.19802912515452e-09,2
CRHR2,3.8844483185585e-12,1.22732848836203e-09,2
ANGPTL1,4.08473255220088e-12,1.28696441036176e-09,3
NOG,4.71944705537908e-12,1.48275343250554e-09,2
VIP,4.86477524930251e-12,1.52411927549925e-09,3
CHCHD1,4.90674167963334e-12,1.53296115968787e-09,4
ND5,5.57132118217396e-12,1.73572669174149e-09,2
ENSGALG00000045199,5.95135052350315e-12,1.84895888677012e-09,3
CCDC80,6.43629594065942e-12,1.99406668023494e-09,3
FGFR1,6.66000588012139e-12,2.05765984982197e-09,3
ENSGALG00000015822,6.89803769660102e-12,2.12531430622584e-09,3
COL5A1,7.15627557212883e-12,2.19880443189357e-09,3
SNRPG,7.75746133996336e-12,2.37697387801124e-09,4
RBP5,8.19655454620261e-12,2.50463613328825e-09,3
TPT1,9.94870852366603e-12,3.03173888832681e-09,3
ARHGDIB,1.06363806651188e-11,3.23246611061977e-09,8
STMN1,1.0917267090349e-11,3.3088135039025e-09,4
CDH2,1.10099707129052e-11,3.32786707036823e-09,5
MRPS21,1.12895248705058e-11,3.40314233255361e-09,4
DNAJC15,1.13761222664266e-11,3.42000321408605e-09,5
TMEM163,1.7311929667585e-11,5.16273756839516e-09,4
ENSGALG00000006009,1.72841740919694e-11,5.16273756839516e-09,5
HBM,1.72982739243821e-11,5.16273756839516e-09,2
IDH3B,2.20103935077987e-11,6.54640262174358e-09,1
ENSGALG00000053871,2.63415955714663e-11,7.81376607704278e-09,4
FABP7,2.77383671587472e-11,8.20626835754135e-09,3
EEF1A1,2.8250068950797e-11,8.33554278637924e-09,3
RARRES2,2.95736768407551e-11,8.70306617420141e-09,3
BOK,3.04903879921881e-11,8.94922705640042e-09,3
G0S2,3.19907433876665e-11,9.36495142867335e-09,5
TINAG,3.38311600955876e-11,9.87778798202271e-09,2
ROMO1,3.60442786728754e-11,1.04964813275964e-08,4
ACAN,3.6306069262082e-11,1.05451844420632e-08,3
TXNDC5,3.74495989774459e-11,1.08490725831235e-08,3
COL1A2,3.77509135063292e-11,1.09080302426341e-08,3
CNTNAP1,3.82177622881841e-11,1.10143903183587e-08,6
SEC61B,3.89892562679961e-11,1.1207774855171e-08,3
ATP6,4.20935508671505e-11,1.20690235389679e-08,2
CFC1,4.37611058501375e-11,1.25149711817805e-08,2
ISLR,4.39909220162349e-11,1.25485192121335e-08,3
SOX9,4.53372894781978e-11,1.28995825978577e-08,3
SDCBP,4.60042004490901e-11,1.30560291026071e-08,3
EEF1A2,5.91615645362253e-11,1.67474851509684e-08,5
PARD3B,6.09148287367134e-11,1.72001448639461e-08,2
FMOD,6.18636253335580e-11,1.7423939473817e-08,3
ENSGALG00000015271,6.2513882959081e-11,1.75627347130971e-08,3
PPIC,7.53561657518276e-11,2.11174703657923e-08,3
NRIP3,8.33767499486271e-11,2.33065633263759e-08,2
CRABP-I,9.03301877741569e-11,2.51871538208391e-08,3
TOMM7,9.13951136993774e-11,2.54205403348207e-08,4
NECAB1,9.53067624820392e-11,2.64425805957685e-08,3
CAMK1D,1.02669650559051e-10,2.84147088554868e-08,2
GLUL,1.0727774224506e-10,2.96165476711262e-08,5
SH3BGRL,1.16521015058879e-10,3.20889427802386e-08,3
KLHL18,1.31840871553379e-10,3.6218478701038e-08,3
NDUFS5,1.35774946841138e-10,3.72075783521189e-08,5
ENSGALG00000008040,1.42809986058978e-10,3.89440793568611e-08,5
MEOX1,1.42807099479114e-10,3.89440793568611e-08,3
MSRB3,1.44993572703811e-10,3.94431024149254e-08,5
AIFM3,1.61386348729309e-10,4.37956672000728e-08,2
ALAS2,1.62638125189574e-10,4.39216331712023e-08,5
PFDN6,1.6232415411821e-10,4.39216331712023e-08,4
C1H21ORF33,1.72232894612989e-10,4.64004221972741e-08,5
WAS,1.80841785990538e-10,4.86023046685582e-08,5
NAP1L1,1.91324733833653e-10,5.12960542481312e-08,3
TIMP2,1.97024396797474e-10,5.26975135700672e-08,3
POSTN,1.99672611778112e-10,5.32780584134683e-08,3
SMAD6,2.07279304831332e-10,5.51757306947942e-08,2
ACKR3,2.2050850034816e-10,5.85574583323097e-08,3
MRPS36,2.54220089423995e-10,6.73494330368619e-08,5
GRHPR,2.55939713866837e-10,6.76443303628279e-08,5
SPARC,2.91068280589002e-10,7.67468723516377e-08,3
CYTL1,3.03535863110937e-10,7.98454783385857e-08,6
COLEC11,3.147828664396e-10,8.26091832777046e-08,4
EEF1D,3.15645287685129e-10,8.26410608907891e-08,3
BNIP3,3.71436659207802e-10,9.70204003227485e-08,5
P4HB,3.83281295590621e-10,9.98803440437786e-08,3
RSPO3,3.94704935402501e-10,1.02617501751965e-07,3
MTX2,4.1943304385228e-10,1.08792851353077e-07,5
Meis2a.2,4.34874136701069e-10,1.1253626113592e-07,5
PSMB4,4.46382819596636e-10,1.15247071114811e-07,4
KLHDC3,4.47835324379753e-10,1.15355053066677e-07,5
ENSGALG00000026836,4.58435511774269e-10,1.17813401544923e-07,3
IDH2,4.62529015088364e-10,1.18592137718236e-07,1
CD164,4.77471839843702e-10,1.22142680465734e-07,5
FGF10,4.81521489348324e-10,1.22616166990081e-07,6
TMEM63C,4.8127468676995e-10,1.22616166990081e-07,2
ENG,4.96420127227282e-10,1.26122053737477e-07,3
ECH1,4.9767745480267e-10,1.26154127290291e-07,5
KAZALD1,5.14015940922263e-10,1.30000245083629e-07,3
MRPL18,5.1547610624425e-10,1.30074583136926e-07,5
RHOU,5.30362309625332e-10,1.33528847245735e-07,3
H3F3B,5.53588397345095e-10,1.39062547761823e-07,3
SOD1,5.61724000647246e-10,1.40789135452006e-07,4
COL3A1,5.82285553107909e-10,1.45615407249132e-07,3
CD36,6.33056496113227e-10,1.57957815619567e-07,5
ENSGALG00000047410,6.44762354617967e-10,1.60519512237501e-07,3
TNNI1,6.81611211916788e-10,1.69315437583529e-07,1
PFDN4,6.95093871350139e-10,1.72280894635534e-07,8
MYL12A,7.03229030563080e-10,1.73910747505463e-07,8
NREP,7.51279483068856e-10,1.85382727120513e-07,3
ENSGALG00000011164,8.13159539703179e-10,2.0020906254777e-07,2
NDUFS4,8.34558644413619e-10,2.05025169616843e-07,5
EEF1B2,8.68263350106702e-10,2.128365672214e-07,3
MND1,1.01360486670643e-09,2.47919117437721e-07,3
PKIA,1.04153086155634e-09,2.54192139028562e-07,5
HMGB2,1.04608499640335e-09,2.54746172750346e-07,4
DECR1,1.06748365702458e-09,2.59390891635394e-07,5
OCIAD1,1.15399734212929e-09,2.7980350448551e-07,5
ALDOC,1.18836729345873e-09,2.87511974969717e-07,5
ENSGALG00000047141,1.24817323143844e-09,3.01327703409742e-07,2
CNN3,1.51814560922503e-09,3.65711493614902e-07,3
NDUFS1,1.57134794065428e-09,3.77711800170264e-07,5
CXCR4,1.70274250255176e-09,4.08415481843272e-07,4
EEF2,1.90923654663777e-09,4.56961903796399e-07,3
PSMB7,2.00084759871544e-09,4.77862887051794e-07,4
ID1,2.0278021484188e-09,4.83265618269983e-07,3
ENSGALG00000053982,2.11699602292725e-09,5.03446553597837e-07,2
BMP5,2.15748963139362e-09,5.11984758026305e-07,2
TMEM258,2.2413378930608e-09,5.30753173022918e-07,4
UBE2G2,2.29945074092797e-09,5.4336077622018e-07,8
THY1,2.34457220305018e-09,5.51685339086946e-07,3
S100A4,2.34140551391704e-09,5.51685339086946e-07,3
SVBP,2.41771591635853e-09,5.67698612399665e-07,4
KDELR3,2.63630672847626e-09,6.17724971627184e-07,3
RRBP1,2.66948840810244e-09,6.24188600698772e-07,3
SELENOU,2.76021605571941e-09,6.44052623922517e-07,5
DGUOK,2.88336177156623e-09,6.71382157742407e-07,4
PRNP,2.98443803004034e-09,6.93469717264088e-07,4
NIPSNAP2,3.24548565799887e-09,7.52559410271518e-07,5
ENSGALG00000016635,3.2783991077423e-09,7.58614181957994e-07,3
UCH-L1,3.59365748270335e-09,8.29842595919801e-07,2
TIMM17A,3.66008556795805e-09,8.43435836856175e-07,5
FKBP11,3.97560606657521e-09,9.14255915029633e-07,3
IFITM3,4.17185763712524e-09,9.57413139433599e-07,3
ACSL1,4.55623916373327e-09,1.04347902642613e-06,5
PDLIM3,4.65552452144635e-09,1.06403268602548e-06,3
TNNC2,4.85739093392112e-09,1.10789951317298e-06,7
MRPS25,4.94794982763835e-09,1.12625149366056e-06,5
PPIL6,5.00291452709689e-09,1.13644327715807e-06,5
ENSGALG00000000604,5.1716362303722e-09,1.17132633309654e-06,5
CNN2,5.17748266481988e-09,1.17132633309654e-06,3
HADHA,5.50372980523406e-09,1.24261424734746e-06,5
CBLN1,6.03317606984177e-09,1.35939908608985e-06,2
ENSGALG00000001136,6.26109186718793e-09,1.40790895861955e-06,4
COX14,6.38742014835714e-09,1.43342596808135e-06,4
TSPAN6,6.91485668724567e-09,1.54867402285791e-06,3
NPY,7.30915661328879e-09,1.63370220327832e-06,6
CHODL,7.42599248759745e-09,1.65649707736818e-06,3
RGS5,7.63566965211737e-09,1.6998694851242e-06,6
PFDN5,7.84606224435436e-09,1.74322804725563e-06,4
SNRPE,7.8826416505251e-09,1.74787339329876e-06,4
ENSGALG00000053991,8.20191004002879e-09,1.815058545196e-06,8
OSTN,8.55835247115522e-09,1.89018783314255e-06,3
GRIFIN,8.58124860059206e-09,1.89149910304326e-06,2
ENSGALG00000040415,9.08249186970522e-09,1.99803564234513e-06,4
SDHD,9.44806122227249e-09,2.07436491947448e-06,5
HNMT,1.0054752919153e-08,2.20322978121699e-06,2
COL12A1,1.16927746374174e-08,2.55713452570394e-06,3
C1H2ORF40,1.31355417654078e-08,2.86703676618082e-06,3
DSTN,1.32107726980024e-08,2.87782533789956e-06,3
ARPC4,1.35178220839194e-08,2.93897257714557e-06,3
GNB2L1,1.40681131188813e-08,3.0526633000032e-06,3
MAGOHB,1.42795468782708e-08,3.09252607595817e-06,8
DPYSL3,1.44233545107397e-08,3.11761691625383e-06,3
SCNN1B,1.7242283822938e-08,3.71972145204599e-06,2
FABP6,1.74134989761043e-08,3.7494058938451e-06,5
CDH5,1.75129586388323e-08,3.76355560464111e-06,5
POLR2F,1.76344637781156e-08,3.78237938179141e-06,4
SMYD2,1.81240342733702e-08,3.8799249428286e-06,2
MRAS,1.82082524613492e-08,3.88304792101608e-06,3
SAR1B,1.82016219874015e-08,3.88304792101608e-06,4
RASGEF1B,1.90950768530485e-08,4.06439863115016e-06,5
UBB,2.10585364701643e-08,4.47378443894573e-06,3
CG-1B,2.16762898741507e-08,4.59626837128147e-06,3
SRPX,2.38160133836374e-08,5.04039559386624e-06,3
CALM1,2.96571295299586e-08,6.26471566018345e-06,3
DUSP28,3.08232115386886e-08,6.4987284091027e-06,5
BSG,3.09468484172015e-08,6.51248492252149e-06,5
ZC3H13,3.18153408063182e-08,6.68264254725813e-06,2
HDGF,3.18926196563041e-08,6.68628268781461e-06,8
DCX,3.35346740376607e-08,7.01734862530553e-06,6
ACBD7,3.45789104017058e-08,7.22231157222973e-06,3
UBXN2A,3.68524928351377e-08,7.68279528500845e-06,5
APCDD1,3.7706403555049e-08,7.84614797272795e-06,3
TIMM44,3.79502940184295e-08,7.88219240802798e-06,5
SNCAIP,3.84187627266996e-08,7.96466055589621e-06,7
ZNF706,4.49466025509437e-08,9.30067089701145e-06,4
CERCAM,4.65723060116829e-08,9.61922659614766e-06,3
C1H12ORF57,4.6683994003871e-08,9.62447197549802e-06,4
ANXA1,4.68625874772144e-08,9.64346592715339e-06,3
EMILIN2,4.73745360718425e-08,9.73086199223599e-06,2
FTH1,4.79630211103199e-08,9.8336286490057e-06,3
RAB33A,5.0499451842434e-08,1.03346633587509e-05,5
ENSGALG00000046481,5.07225222934338e-08,1.03613029430325e-05,6
ACTB,5.10104896100927e-08,1.04010776450997e-05,3
NET1,5.15555804714296e-08,1.04743726052784e-05,3
C5H11orf58,5.15577778248399e-08,1.04743726052784e-05,4
FAM210B,5.23795340434674e-08,1.06219710639627e-05,5
LEPROT,5.4934197635248e-08,1.11198098171241e-05,3
MGP,5.57211962126658e-08,1.12586813138156e-05,3
LHFPL6,5.58236992187489e-08,1.1258995707807e-05,3
YBX3,5.66732515361323e-08,1.14040522330567e-05,4
PGAM1,5.67474052193262e-08,1.14040522330567e-05,5
ND4L,6.33355987655904e-08,1.27051343501213e-05,2
ENY2,6.47097893047288e-08,1.29574924170148e-05,8
ENSGALG00000046740,6.98644390118019e-08,1.39645887345238e-05,4
C15H12ORF65,7.00121013386124e-08,1.39690694846468e-05,5
PSMB1,7.20543034127274e-08,1.43508646937392e-05,4
MDFIC,7.41818777516556e-08,1.47482718378363e-05,3
DAD1,7.48276223205835e-08,1.4850182904841e-05,3
SMOC1,7.74448465357125e-08,1.53422940237779e-05,2
MXRA8,7.76010411485117e-08,1.53459796117098e-05,3
ENSGALG00000051351,7.78165446524426e-08,1.53613600135467e-05,2
ENSGALG00000042782,7.90281122764469e-08,1.5572966514484e-05,3
CCT8,8.17673857511636e-08,1.60843393254791e-05,4
ARPC5,8.48659487129311e-08,1.66644623936287e-05,3
PCBD2,8.66484071160301e-08,1.69845673976577e-05,8
SCX,8.69533984815263e-08,1.70144485432855e-05,3
POP5,9.03548389441511e-08,1.76490559806199e-05,4
PLCB1,9.10670312492812e-08,1.77570706632532e-05,2
TNMD,9.20016230976373e-08,1.79079981175687e-05,3
PDIA6,9.47145761820423e-08,1.8403952370683e-05,3
HNRNPA1,9.53521083202347e-08,1.84956086771261e-05,3
FKBP9,9.65667845687079e-08,1.86987019884217e-05,3
CSRP2,1.03079790036986e-07,1.9925254850779e-05,3
NDUFA9,1.0387185334082e-07,2.00436225132337e-05,5
MAML2,1.05392570004526e-07,2.03019429938749e-05,2
CDO1,1.09917164037299e-07,2.11370168625296e-05,5
P3H4,1.10679864606666e-07,2.12470509623472e-05,3
UGDH,1.12076339986444e-07,2.14781627110398e-05,3
HSP90B1,1.21127401109256e-07,2.31728802409774e-05,3
ATOX1,1.221403520546e-07,2.33266564447977e-05,3
TWIST1,1.23584877553817e-07,2.35621891638437e-05,3
ENSGALG00000053675,1.24125902445371e-07,2.36249542279272e-05,6
C12orf66,1.28820859313095e-07,2.4476778815102e-05,8
ZNF593,1.31103810918631e-07,2.48681891853e-05,3
KRT7,1.34962985676168e-07,2.55567459136937e-05,6
ACOT13,1.39956878086878e-07,2.64574758001381e-05,5
BNAS2,1.43842656230575e-07,2.71460338389389e-05,3
YWHAH,1.48491746676527e-07,2.79760748872349e-05,8
LLPH,1.65989754274953e-07,3.12199901297709e-05,4
SAMM50,1.67169848630522e-07,3.13890142355359e-05,5
SLIT3,1.69157999385661e-07,3.17089416773332e-05,2
PDHB,1.82199131559813e-07,3.40962185116999e-05,5
SLN,1.83285759902674e-07,3.42421137859142e-05,4
GTF2A2,1.84244475343043e-07,3.43636639231478e-05,4
ANXA2,1.85564760779577e-07,3.45521324995594e-05,3
USP36,1.90035548852663e-07,3.53256182923525e-05,3
ECI1,1.91137984772993e-07,3.54714305332589e-05,5
COMMD7,1.92964558332065e-07,3.57509207432915e-05,8
CTNNBIP1,1.93629719702493e-07,3.58146636931744e-05,5
CYP1B1,2.10969482439261e-07,3.89573019589461e-05,3
ENSGALG00000042589,2.11415140727311e-07,3.89750682780648e-05,3
ACADL,2.12156704537669e-07,3.90472370887868e-05,5
MMP2,2.12676311561744e-07,3.90783844780366e-05,3
SERPINH1,2.22533543814407e-07,4.08223571099441e-05,3
NFIX,2.3617374045326e-07,4.32534235530425e-05,3
ENSGALG00000051598,2.38421076881323e-07,4.35934241429464e-05,8
YBX1,2.42311887554969e-07,4.42323163677509e-05,8
SORBS2,2.51268069906274e-07,4.5792257518603e-05,5
CDK1,2.55718578534569e-07,4.65273138135732e-05,4
MRPL35,2.61217939501179e-07,4.74505008682455e-05,4
ARPC3,2.78130210196181e-07,5.04404811922828e-05,8
DYL1,2.81703218751872e-07,5.09228636232054e-05,8
TUBB4B,2.81526764900342e-07,5.09228636232054e-05,4
EIF3A,2.86206478739004e-07,5.16531912248207e-05,2
SMARCA2,2.8854955691493e-07,5.19919295529388e-05,3
CTGF,2.89030602673712e-07,5.19946084103433e-05,3
C26H6ORF125,2.97550832639715e-07,5.34411435192898e-05,4
ENSGALG00000051148,3.03344958263452e-07,5.43941969268133e-05,5
MFGE8,3.17001741301226e-07,5.67518174191733e-05,2
APOBEC2,3.19553126071348e-07,5.71169033285841e-05,2
TUBB6,3.25519052490897e-07,5.79973636122045e-05,2
ARF4,3.2534160165909e-07,5.79973636122045e-05,3
MRPL32,3.29830473377868e-07,5.86717997047947e-05,4
GOLIM4,3.34679474800481e-07,5.94395629991633e-05,2
DAP,3.36956008317735e-07,5.9748737371588e-05,3
DRAXIN,3.66947018770603e-07,6.49634359609669e-05,5
HBBR,3.73998126024233e-07,6.61068159283628e-05,6
LMNB2,3.8393979995277e-07,6.77566972933352e-05,2
RASD2,3.84681848486501e-07,6.77804046128949e-05,2
ENSGALG00000037717,3.86363024240666e-07,6.79692490527215e-05,8
GAS6,4.04829888278613e-07,7.11057982241095e-05,4
NR2F2,4.31385378418803e-07,7.55322046678247e-05,2
CCLI5,4.31319704397026e-07,7.55322046678247e-05,4
SNTB1,4.43013705497819e-07,7.74466534574048e-05,7
FGFR3,4.69374448308635e-07,8.19265673138532e-05,3
TST,4.71006911473282e-07,8.20830487451251e-05,5
LYPD6B,4.77862601933055e-07,8.31478811716679e-05,2
EIF4G2,4.96129441529547e-07,8.61918385274691e-05,8
IFT20,5.11262208902075e-07,8.86826969148118e-05,3
PFN1,5.41644458618151e-07,9.38068623196537e-05,8
MAP1LC3C,5.47778799209198e-07,9.4722178506155e-05,3
ENO2,5.49318412423894e-07,9.48413682969504e-05,5
CCT5,5.83980215518309e-07,0.000100669990153733,4
SERBP1,5.91010618444798e-07,0.000101724707707261,3
NDUFA10,6.05866427805246e-07,0.000104121008042485,5
ENSGALG00000006584,6.37897990873881e-07,0.000109457128437862,3
DUPD1,6.74801766575861e-07,0.000115264639703797,2
HSBP1,6.74843556591753e-07,0.000115264639703797,8
ENSGALG00000034737,6.73093802694424e-07,0.000115264639703797,3
MRPL19,6.83521574895707e-07,0.000116390383751682,4
BHLHE40,6.8344853154656e-07,0.000116390383751682,7
IMMT,6.99997046327283e-07,0.000119014134012829,5
SRSF3,7.15440738430217e-07,0.000121454740159282,8
MKKS,7.24507408733643e-07,0.00012280699653075,5
GHITM,7.31490636729504e-07,0.000123802532756827,5
NFU1,7.48499496161514e-07,0.000126489288466186,5
ITSN1,7.61900332935106e-07,0.000128559115753942,6
RCAN1,7.6643086177608e-07,0.000129128220893327,5
COL9A3,7.95188619506781e-07,0.000133771254631877,3
DNAJC19,8.02943072919504e-07,0.000134872326547029,8
MRPL33,8.95216654805964e-07,0.000150038428113383,4
RAN,8.95922744437172e-07,0.000150038428113383,8
RNF122,9.17915406128955e-07,0.000153491029102446,4
MRPS24,9.42248209345742e-07,0.000157324018532769,4
OSR1,9.70508917452761e-07,0.000161800397874098,6
SYNE2,1.00373193212544e-06,0.00016708948129536,2
NCL,1.05677770223522e-06,0.000175657741188405,3
ENSGALG00000005204,1.07095479218167e-06,0.000177749356940744,6
ALG12,1.11070655850476e-06,0.000184073150205169,3
ANKRD1,1.11524932455698e-06,0.000184551782889839,5
PSMB3,1.12778107563827e-06,0.000186349058424382,4
ENSGALG00000027887,1.14250545801831e-06,0.00018850278035827,3
MRPL43,1.1823394648891e-06,0.000194575727804692,4
FLAD1,1.18280236627299e-06,0.000194575727804692,4
SPCS1,1.19413123567114e-06,0.000196150065325487,8
SCP2,1.20039663076277e-06,0.000196889260520728,3
ENSGALG00000047713,1.20740855424906e-06,0.000197748550717028,5
LFNG,1.26087693197441e-06,0.000206202771122708,5
INHA,1.2672626816812e-06,0.000206943654906688,2
PRRC2C,1.28187406378544e-06,0.000209023652114485,2
SUB1,1.29348611510594e-06,0.000210609216471381,4
KRT15,1.32681328968154e-06,0.000215720724364532,6
MRPL21,1.39689785250141e-06,0.000226784874314808,5
RPN2,1.42503597533317e-06,0.000231016799507054,3
CA10,1.42811946801658e-06,0.000231180655237645,2
SNRPD3,1.52469620839923e-06,0.000246456571323183,4
KPNB1,1.5295593586151e-06,0.000246884861691831,4
ENSGALG00000049529,1.60595734643998e-06,0.000258841605378725,9
RGS2,1.61350405358807e-06,0.000259682688622579,5
ARL1,1.6178108850351e-06,0.000260000663014152,3
ELOC,1.63383181828181e-06,0.000262197603387004,4
OGDH,1.65996016265879e-06,0.000266007939225186,5
AIFM1,1.66943536750175e-06,0.000267142511490257,5
HSPA8,1.68246382026283e-06,0.000268841607824655,8
RASL11AL,1.7011318809157e-06,0.000271435708784899,2
BZW2,1.70453712478036e-06,0.000271590514204956,5
SSR1,1.71107247282087e-06,0.000272242898141439,3
CDH11,1.79670592070913e-06,0.000285460524603906,3
LAMA4,1.94531353314709e-06,0.000308631646577722,3
GORASP2,1.97900968235132e-06,0.00031353168222561,8
MRPS9,2.01916248243617e-06,0.000319439284108513,5
SIX1,2.04950828019967e-06,0.000323780842623798,9
AIMP1,2.06254067813827e-06,0.00032537882130921,4
HMGN4,2.07322647782782e-06,0.000326602618101208,8
SAP18,2.10218084251146e-06,0.000330696814540622,8
ENSGALG00000052965,2.10905736142131e-06,0.000331311274954788,5
HTRA1,2.20553627094944e-06,0.000345979826347951,3
STOM,2.23196451254459e-06,0.000349633843442947,5
ENSGALG00000010303,2.23567798585123e-06,0.000349724367474489,2
ENSGALG00000053667,2.34215514227643e-06,0.000365867320667804,2
ACP1,2.43697519120012e-06,0.000380146712425761,4
BMPER,2.4453325374596e-06,0.0003809176330592,3
TXN,2.49017007658558e-06,0.000387361119434851,3
PDLIM1,2.52807686473844e-06,0.000392710038422054,3
PHLDA2,2.56220009764441e-06,0.000396905136891823,8
MAPK6,2.56059556358323e-06,0.000396905136891823,4
ENSGALG00000051456,2.61748465557599e-06,0.000404906783297101,5
F3,2.62608891365979e-06,0.000405120934027454,6
TMEM100,2.62613356083463e-06,0.000405120934027454,3
MRPL47,2.79082129917008e-06,0.000428157731461494,5
TMED3,2.78751128224286e-06,0.000428157731461494,3
COQ9,2.78653780538818e-06,0.000428157731461494,5
DYNLRB1,2.78944548193216e-06,0.000428157731461494,8
SERPIND1,2.83980795412475e-06,0.000435074635225637,6
PECAM1,2.90942273306616e-06,0.000445128572623714,8
ARPC1B,2.97771526835966e-06,0.000454952944785379,3
SUCLG1,2.98780510221697e-06,0.000455870049739216,5
HYPK,3.00786172680034e-06,0.000458303273543395,4
TVP23A,3.03645995369806e-06,0.000462029553556159,4
HDDC2,3.10700492744953e-06,0.000472119626483724,4
METRNL,3.15758856006543e-06,0.000479153178726627,3
TNNT2,3.42490665161677e-06,0.000519011639299958,2
JCAD,3.46092172731627e-06,0.000523757750009626,3
TPM3,3.58236202124829e-06,0.000541401285957835,3
LTO1,3.61664958148378e-06,0.000545843529160618,4
SKIV2L2,3.63629652966324e-06,0.000548067115124761,6
HSP90AA1,3.75961043574957e-06,0.000565888425638889,8
PDCD5,3.78641544973579e-06,0.000569154967953291,4
ENSGALG00000033462,3.86049865297444e-06,0.000579509772795744,5
ACTN2,3.90127627780679e-06,0.000584843872611529,5
ENSGALG00000036310,4.04533013531605e-06,0.0006056251050809,5
CYP17A1,4.10611674284134e-06,0.000613901420265848,2
ENSGALG00000014066,4.21738126898941e-06,0.000629692376977086,5
ENSGALG00000018702,4.22768004182394e-06,0.000630386184503362,5
ZCCHC13,4.74476513656619e-06,0.000706543775996736,5
PTS,4.76637454049911e-06,0.000708815287129682,3
RPN1,4.81691905540593e-06,0.000715378006563004,3
KDELR2,4.83846584131697e-06,0.000717622441534363,3
HES5,4.87625886491649e-06,0.000722267294027465,4
ITGA11,4.92414303066013e-06,0.000728392534954445,3
POLR2I,5.12934024043954e-06,0.000757740898964408,4
APOO,5.23265315177657e-06,0.000771980491603107,5
NFIB,5.26065438788414e-06,0.000775086305909486,3
ENSGALG00000054023,5.54202594094111e-06,0.00081546536744262,8
GCHFR,6.23931193843852e-06,0.000916855925010673,3
LAMTOR2,7.07772927621697e-06,0.00103869137960505,4
EIF3L,7.10017206084768e-06,0.00104061573675662,8
GSC,7.17307011255386e-06,0.00104992016572572,9
YWHAQ,7.38923751397724e-06,0.00108014301426875,4
MRPL17,7.79949997520291e-06,0.00113862201152975,4
CISD2,8.26916235197039e-06,0.00120560837523307,4
LSM6,8.90820551824323e-06,0.00129611643337548,4
REEP1,8.91319090035037e-06,0.00129611643337548,5
SFPQ,9.04684764035935e-06,0.00131383924128726,4
ENSGALG00000053885,9.19026930645828e-06,0.00133293223499813,3
PRELID1,9.27207359158189e-06,0.00134305042160421,8
ENSGALG00000033569,9.36101918203036e-06,0.00135417543045187,4
MANF,9.53086117116975e-06,0.00137695902214441,9
LPAR1,9.67778126770291e-06,0.00139637633822466,7
GPI,9.78441643906258e-06,0.00140993840618607,5
YPEL5,9.81632064878113e-06,0.00141089010497506,2
EIF1,9.81082380557829e-06,0.00141089010497506,8
NOTCH2,9.8963305076305e-06,0.00142055922567761,3
SOD3,9.97738738706122e-06,0.00143035359040969,6
VLDLR,1.02922571387776e-05,0.00147359908455656,6
ENSGALG00000020999,1.03408562365237e-05,0.00147865913441745,4
ENSGALG00000048310,1.03637551966962e-05,0.00148003601916898,2
SF3B5,1.0795919825668e-05,0.00153978140416165,8
ENSGALG00000015183,1.08592712626532e-05,0.00154683892624338,8
NDUFAF8,1.10431368349762e-05,0.00157102307374069,4
SNRPD1,1.11380855214449e-05,0.00158251219065446,4
LAMB1,1.13858301773462e-05,0.00161565388270664,3
ENSGALG00000054746,1.15858695395321e-05,0.00164195055306245,7
HOXD8,1.16313203771812e-05,0.00164629998234515,6
POMP,1.17014503945301e-05,0.00165412705645212,4
ENSGALG00000020322,1.19691907931596e-05,0.00168983332807498,7
DDX51,1.19950629542398e-05,0.00169134506630957,4
ENSGALG00000034288,1.22263434421122e-05,0.00172177969665401,4
SELENBP1,1.24084501013089e-05,0.00174522137729716,6
ENSGALG00000026971,1.2892170723644e-05,0.00181097192797577,2
ENSGALG00000007131,1.30366407347093e-05,0.00182896224909142,8
RCSD1,1.31568888168676e-05,0.00184351344660531,4
SLC35E3,1.33812121438925e-05,0.00187024601227237,4
SLC25A22,1.33671283906178e-05,0.00187024601227237,8
COTL1,1.3599799220998e-05,0.00189604518352281,3
SNAI1,1.35976818211869e-05,0.00189604518352281,8
CFL2,1.36510820807345e-05,0.00189875029069638,5
ATP1B3,1.36532501999742e-05,0.00189875029069638,4
ENSGALG00000049136,1.37200188643494e-05,0.00190565963935565,2
CDK6,1.41217726367104e-05,0.00195839687896889,3
GPC1,1.41348243486439e-05,0.00195839687896889,2
CLDN2,1.45667810276251e-05,0.0020157409692533,6
PSMA3,1.48506645061275e-05,0.00205247806759102,4
MGLL,1.49163928823137e-05,0.002059010805201,2
PDK3,1.50143669089831e-05,0.00206997297637679,5
EIF4EBP2,1.50863093064668e-05,0.00207732363065827,7
MAB21L2,1.54510252983187e-05,0.00212492018590061,9
NDUFS2,1.55395140966075e-05,0.00213445782670128,5
THBS1,1.56246836238161e-05,0.00214088332820492,3
HEP21,1.56158399436945e-05,0.00214088332820492,4
PRRG1,1.61641861708972e-05,0.00220937714845484,2
EBNA1BP2,1.61593963133866e-05,0.00220937714845484,4
YWHAZ,1.6264155781931e-05,0.00222032036152477,8
HBZ,1.64148210000103e-05,0.00223814912841273,6
ENSGALG00000027514,1.65681429364906e-05,0.00225629615676882,6
chPKCI,1.65947170847058e-05,0.00225715910475513,4
PLAC9,1.68508291513714e-05,0.00228920291895306,3
COPB2,1.74033386906025e-05,0.00236138569174209,8
TBCA,1.79595196541094e-05,0.0024338906055368,4
PPIL1,1.83604362704592e-05,0.00248520350542275,4
PURH,1.84673150007697e-05,0.00249664032781043,8
LASP1,1.879293591589e-05,0.00253758593363492,3
SLC25A34,1.91906664717134e-05,0.00258815761562687,5
GPX7,1.94602046748038e-05,0.00262133930624936,3
LAMP5,1.95431190226358e-05,0.00262616468784969,7
COQ7,1.9542410804485e-05,0.00262616468784969,5
NHP2,1.99102428712905e-05,0.00267227843329093,4
FGF12,2.05872820502329e-05,0.00275982701167247,3
MGAT3,2.09396465906675e-05,0.00280369339779898,7
GNG4,2.26242031432511e-05,0.00302561325280687,9
QPCT,2.30349240567529e-05,0.00307685111694451,3
ATP2B1,2.35661927852071e-05,0.00314404911272602,2
PSMA7,2.36676860911889e-05,0.00315381718497666,4
RBBP6,2.50325355360959e-05,0.00333170848983549,2
ENSGALG00000036263,2.5460988409054e-05,0.0033846944643906,3
CPZ,2.57555987950298e-05,0.00341978291286363,5
SUMO3,2.5808228414137e-05,0.00342269634222016,8
EDNRB2,2.62508915671589e-05,0.00347726780319788,8
MST1,2.63753722951066e-05,0.00348915642837098,7
TMEM141,2.64032090531163e-05,0.00348915642837098,5
CRTAP,2.64641994446313e-05,0.00349307752729447,3
CRHBP,2.65860438763976e-05,0.00350501214283468,6
FAM122A,2.68045587150656e-05,0.00352964822295355,2
MLF1,2.69868577373877e-05,0.00354946289181906,5
CD82,2.73465584028632e-05,0.00359253625937102,3
DST,2.76465955055816e-05,0.00362767945561512,2
MRPS33,2.77337208860473e-05,0.00363483543446809,4
EIF3H,2.79281155294298e-05,0.00365173096332939,3
ENSGALG00000051922,2.79136997768381e-05,0.00365173096332939,2
SGCB,2.81637986381256e-05,0.00367823550899365,5
ENSGALG00000052226,2.82526387006543e-05,0.00368552255789786,4
TMEM123,2.82964724280799e-05,0.00368692841766092,2
PNRC1,2.87372792868723e-05,0.00373999481051274,2
MRPL23,2.88175381423228e-05,0.00374606890561366,4
TPRG1L,2.89175723560131e-05,0.00375469651759892,3
ENSGALG00000026607,2.90150670825273e-05,0.00376297471834467,4
FTL,2.90534427052069e-05,0.00376357541647586,2
ENSGALG00000055019,2.96007493314487e-05,0.00383002502960144,7
LMCD1,2.96900376417497e-05,0.00383712657309195,8
TSPAN13,3.01123636019529e-05,0.00388720349117069,2
ELK3,3.01822879973379e-05,0.00389172571565602,8
BTBD3,3.13856177829308e-05,0.00404221083932445,5
SYPL1,3.18333310125318e-05,0.00409514383754146,7
ATP1B1,3.22468737944392e-05,0.00414356413643561,5
BIN1,3.30287282921393e-05,0.0042391447734057,6
CSTA,3.53696359047806e-05,0.00453437578555181,4
NEK6,3.55991477707374e-05,0.00455855940844359,3
GATA5,3.60044628083811e-05,0.00460517378112189,3
LTBP1,3.60591382078113e-05,0.00460688394916605,6
ENSGALG00000038635,3.64388796258996e-05,0.00465007283659033,3
FXYD6,3.66027530809276e-05,0.00466564694240832,2
CDC26,3.69012123937473e-05,0.00469832117683028,8
CBX3,3.69663340145099e-05,0.00470124584637691,3
OCM2,3.70350172942402e-05,0.00470461629692747,2
OLFML1,3.740307019795e-05,0.00474596520684265,3
ENSGALG00000035206,3.76279360677634e-05,0.00476907220786775,3
SNRNP25,3.77419204633522e-05,0.00477808926918673,8
ENSGALG00000029485,3.7852319199061e-05,0.00478663245738312,3
CARHSP1,3.91592930892859e-05,0.0049462983945382,4
FBRSL1,3.97083848393542e-05,0.005009981590274,8
SMIM7,3.99238779411615e-05,0.00503147849973361,8
EIF3D,4.06016436009793e-05,0.00511111985894219,6
H2AFV,4.06532539789506e-05,0.00511184722916898,9
NUCKS1,4.08530133465534e-05,0.00513118062712753,2
CIRBP,4.09865940940168e-05,0.00514216777735417,3
ENSGALG00000035994,4.16602771786678e-05,0.00522081520454644,8
GJB6,4.21409138062767e-05,0.00526920708662539,9
IRX1,4.21219611912438e-05,0.00526920708662539,7
BRWD1,4.25280298148589e-05,0.00531165644827675,2
FGFRL1,4.28234494694868e-05,0.00534257098460073,2
CTSB,4.2935932105248e-05,0.00535061906883634,3
RRM2,4.35519276472673e-05,0.00542132627073471,4
SSR3,4.40990166470367e-05,0.00548330792399087,3
MAPRE2,4.41926212031429e-05,0.00548882769690028,6
SEPT2L,4.46385129848625e-05,0.00553804142297978,3
STMP1,4.51257520283077e-05,0.00559226980050726,4
HACD1,4.63501154411849e-05,0.00573126454754482,2
CDH20,4.6325678108472e-05,0.00573126454754482,6
MSN,4.69866668442176e-05,0.00580354104698107,8
DPYSL2,4.76623097327433e-05,0.00588048067213669,8
SH3BP5,4.78285563751957e-05,0.00589447141817856,2
UBL5,4.96724680623117e-05,0.00611496132039449,4
SEMA6B,5.06264653374888e-05,0.0062255323237392,5
H2AFZ,5.17006707468903e-05,0.00635062548338562,8
STK32C,5.20560409271731e-05,0.00638724278960511,2
ERP29,5.25046321844247e-05,0.00643520521508936,2
ENSGALG00000053194,5.29506843386374e-05,0.00648275148201298,5
CD9,5.31743690076469e-05,0.00650299888432841,6
DDX5,5.3575678326645e-05,0.00654148467267253,3
DDOST,5.36063640128592e-05,0.00654148467267253,3
KCNH7,5.41068374106946e-05,0.00659534059972367,2
ETFRF1,5.47373682266983e-05,0.00666491494960757,5
PDCD6,5.55592053587128e-05,0.00675024470946941,8
ENSGALG00000030808,5.55101334925867e-05,0.00675024470946941,4
PSMB2,5.58848779923515e-05,0.00678242450749762,8
ENSGALG00000016760,5.68151881884527e-05,0.00688783595194442,4
HMGB1,5.73923036064627e-05,0.00695024636595138,8
C5H14orf166,5.78116103993054e-05,0.006985854548081,4
DUSP26,5.77569459264682e-05,0.006985854548081,5
PCNA,5.8431632147804e-05,0.00705313536538896,8
EIF5B,5.86020390413999e-05,0.0070660575045728,2
SDC2,5.9065565089722e-05,0.00711425699185639,3
ENSGALG00000014848,6.05410823297792e-05,0.00728411207720979,2
MFAP5,6.08734203426664e-05,0.00731620559179785,3
C8orf59,6.10283442128434e-05,0.00732693005829793,4
MRPL37,6.12699349290535e-05,0.00734802530595629,5
NOP58,6.17251615608883e-05,0.00739466879968348,8
ENSGALG00000002988,6.21178594887306e-05,0.00743372930444772,9
CASC4,6.25583378783823e-05,0.00747841790295071,6
ENSGALG00000016441,6.26787744029134e-05,0.00748479297280653,8
LRRC20,6.34007896613831e-05,0.00756291516742058,4
BTF3,6.41972102481958e-05,0.00764157249653261,4
GCSH,6.41531754855817e-05,0.00764157249653261,4
MCTS1,6.75737285655842e-05,0.00803491371539249,4
ENSGALG00000037493,6.85967501607987e-05,0.0081478705700903,7
MRPL57,6.88316671407785e-05,0.00816180742340673,4
SRP9,6.88604401113402e-05,0.00816180742340673,4
ACTN1,6.96220885343379e-05,0.00824332299839451,3
DCUN1D1,7.03066371572358e-05,0.00831554667690922,4
RTN4,7.04688211637938e-05,0.00832589989543063,4
COL14A1,7.09522381127092e-05,0.00836884360768764,6
ENSGALG00000046580,7.09823569225998e-05,0.00836884360768764,5
HIBCH,7.11213029318536e-05,0.00837637087395674,5
APP,7.17503342276826e-05,0.00844154157771393,3
RBM24,7.21722730667729e-05,0.00848223585080039,5
RGL1,7.23707694594289e-05,0.00849661143445962,8
ENOX1,7.25462130228838e-05,0.00850343336546852,5
LRRC73,7.25813578087431e-05,0.00850343336546852,2
ALDH1L2,7.35134069453913e-05,0.00860359230621834,5
ENSGALG00000054993,7.42836294997939e-05,0.00868462185705118,2
ENSGALG00000053371,7.52402954105058e-05,0.008787256288816,3
ENSGALG00000035369,7.53874108572195e-05,0.00879522812584,2
PABPC1,7.54969125380534e-05,0.00879879960051997,6
SFRP2,7.5975394882466e-05,0.00884512997499777,6
CAPZB,7.60530531422887e-05,0.00884512997499777,8
CTRB2,7.61491825826965e-05,0.00884708470807153,5
IPO5,7.63084112518353e-05,0.00885635867319956,4
LSMEM1,7.6815871807856e-05,0.00889673898918733,5
WSB1,7.67697297903158e-05,0.00889673898918733,3
ALKBH5,7.69995111776778e-05,0.00890875687546261,5
RAP1GDS1,7.77880250449892e-05,0.00898135352986518,7
DRG1,7.77627274557435e-05,0.00898135352986518,5
TXN2,7.82332127846619e-05,0.00899639016119575,5
HNRNPA2B1,7.82409010741114e-05,0.00899639016119575,8
HMMR,7.80492013212619e-05,0.00899639016119575,2
ENSGALG00000051174,7.80887000548791e-05,0.00899639016119575,3
CPN1,7.86708902151823e-05,0.00903651569844816,2
MAP1A,7.96026442844155e-05,0.00913413450321799,2
HM13,7.98143059446144e-05,0.0091490094025374,3
SRP72,8.04466598912645e-05,0.00921202765328378,8
C11H19orf12,8.05596187372082e-05,0.00921550118375919,8
AP2M1,8.12146530116964e-05,0.00928091399697064,8
FMO3,8.12993815693108e-05,0.00928108715654364,6
NELL2,8.17051970538607e-05,0.00931125973813467,3
SLC25A17,8.17306514429017e-05,0.00931125973813467,8
MZT1,8.24445507667804e-05,0.00938300727369932,4
ATRX,8.29938009705433e-05,0.00942191643229229,2
ADAM12,8.28974771140967e-05,0.00942191643229229,6
EIF3I,8.30398570739188e-05,0.00942191643229229,4
TGM2,8.50063713271343e-05,0.00963524034103963,6
PHF5A,8.52274212176374e-05,0.00965048833638423,8
COPG1,8.66067838869444e-05,0.00979673068544286,3
NACA,8.70418309821819e-05,0.00983596643880908,3
NPC2,8.73611777347794e-05,0.00986206154370559,3
CALM2,8.7834384354557e-05,0.00990545530639006,3
PLPP3,8.97355559462687e-05,0.0101096363947423,6
ENSGALG00000035761,9.05405891434841e-05,0.0101900387234634,2
C1QTNF8,9.06515680159092e-05,0.0101922442147324,9
ARPC2,9.12510524304633e-05,0.0102493141848734,3
PDCL3,9.27578249036998e-05,0.0103976129839208,4
CITED4,9.26947223713892e-05,0.0103976129839208,5
ATP6V1G3,9.29634881638997e-05,0.0104102041231918,7
MYH7B,9.33002644862846e-05,0.0104299412507771,5
PTGS1,9.33267689990913e-05,0.0104299412507771,3
PRORSD1P,9.52489701334658e-05,0.0106341057098039,3
SLC38A2,9.61028413950515e-05,0.0107187070390631,3
HTRA2,9.65784465534192e-05,0.0107609920577664,7
TOP1,9.67464437735543e-05,0.0107689524991004,8
THOC7,9.75288776856598e-05,0.0108452224985084,4
WNT5A,9.93825891471012e-05,0.0110403481016716,6
IER3IP1,0.000100336481591246,0.011135224540535,8
STIM1,0.000101218050924667,0.0112025646382145,2
CLEC3B,0.000101445470205297,0.0112025646382145,3
KHDRBS2,0.00010140481570442,0.0112025646382145,8
CDH13,0.000101312159539235,0.0112025646382145,2
HSPA9,0.000101121065639198,0.0112025646382145,5
ENSGALG00000041419,0.000102039260901021,0.0112569910658173,5
CXCL12,0.000102615431674558,0.0113093680188586,6
PAK1IP1,0.000103760838006117,0.0114243157549985,4
PDAP1,0.000106364524921743,0.0116994385970007,2
GAS2,0.000106936333232555,0.0117507454613034,6
CYP2D6,0.00010734653603417,0.0117842107146521,5
UGGT2,0.000107521785471687,0.0117918429765156,2
LSM8,0.000107792879691093,0.0118099611521116,4
MID1IP1,0.000108975890236618,0.0119278567372981,2
ATOH8,0.000109630371551539,0.0119793576570698,2
DAB2,0.000109702921279098,0.0119793576570698,6
TMEM37,0.000109936644647091,0.0119793576570698,6
CAPZA1,0.000109829340464884,0.0119793576570698,4
KLF2,0.000109983444089856,0.0119793576570698,3
ENSGALG00000001476,0.000110826398305175,0.0120593951776276,4
ATP1A1,0.000111605986535812,0.0121323883328891,5
WDR1,0.000113602377962985,0.0123373859634131,4
NEBL,0.000114504125336645,0.0124232204475599,2
BCL2L10,0.000114733414041002,0.0124360000402072,5
PTPRG,0.000114997136478667,0.0124404337772628,3
TAX1BP3,0.00011499739863674,0.0124404337772628,5
AGRN,0.00011567313671379,0.0125014096930963,3
RDX,0.000116240140039414,0.0125505273874979,2
FBLN7,0.000117204533622628,0.0126302001850334,8
EIF4A2,0.000117175665806379,0.0126302001850334,6
ENSGALG00000052396,0.000118275768854259,0.0127333359438492,2
ATP6V1B2,0.000118733974932894,0.0127703389243661,7
SEPT7,0.000119551696136422,0.0128459007217921,3
NDUFB8,0.00011978817363123,0.0128589221973205,5
COMMD1,0.000120541967195131,0.0129273976542813,8
ENSGALG00000040336,0.000122830764850979,0.0131602033320464,6
PRCP,0.000126332008177688,0.0135223400654906,5
PFDN2,0.000128835430941776,0.0137770799543269,4
MAPKBP1,0.000131662962931323,0.0140659574165304,7
TMED11,0.000132785451895767,0.0141723013478145,7
MRPL40,0.000135157474023373,0.0144116781561078,4
SDHAF2,0.000135289947760686,0.0144120254436594,4
HMGN1,0.000136546871963406,0.0145181888149038,2
OGN,0.000136530319772121,0.0145181888149038,6
PDIA4,0.000137979531512289,0.0146565427717941,3
SLC29A1,0.000141142787833615,0.0149782870059218,5
ENSGALG00000009355,0.000141795491147123,0.0150332491153627,6
ENSGALG00000053859,0.000142743055116745,0.015119338461766,7
SIGIRR,0.000143859806246538,0.0152231677455657,5
ENSGALG00000007522,0.000144763958211169,0.0153043243909569,2
GEM,0.000145421254071021,0.0153592546234449,3
RAMP2,0.000146012838646792,0.0154071471225597,8
RBPMS2,0.000147418949892009,0.0155408159935051,5
ENSGALG00000051419,0.00014846687884762,0.0156365087175363,2
SLC4A1,0.000148792654459884,0.0156560355627898,2
ENSGALG00000009044,0.000149516982741793,0.0157174219807672,6
TMEM268,0.000150034139595578,0.0157569351670055,6
REEP6,0.000152727511292916,0.0160247101617091,2
IDH3A,0.000153292477376166,0.0160688718690732,5
ENSGALG00000052274,0.000155390235748287,0.0162734746062401,5
PHF3,0.000155886051912635,0.0163100850609869,2
ENSGALG00000052767,0.000157544186560221,0.0164681242682594,10
FBLN1,0.000169812405773406,0.0177339032531364,3
DYNC1I1,0.000171843873547517,0.017929266440183,2
GATA4,0.000174983340792578,0.018239759133939,8
C5orf30,0.000179021044902528,0.0186432142088244,2
PIN4,0.000181552304471366,0.0188891820933338,4
GSTK1,0.000182377343919571,0.018957337297047,5
LRRN4,0.000184599723412449,0.0191704778057722,6
DHRS7C,0.000184790449029526,0.0191724330234868,2
ENSGALG00000051854,0.000185813667723078,0.0192606774011478,8
ERH,0.000186802956536392,0.0193452441424217,8
HDLBP,0.000187281026933217,0.0193767615114617,9
HOXA7,0.000194728516429543,0.0201099954530655,6
ENSGALG00000020788,0.000194657331745063,0.0201099954530655,2
AKAP9,0.000197518156373699,0.0203713384019001,2
RXFP1,0.00019762443949678,0.0203713384019001,6
ID4,0.000198365177799253,0.0204288138933235,7
PPA1,0.000199023172704926,0.020477669800319,4
EFCAB1,0.000199818653676909,0.0205405686751381,8
RNF152,0.00020102485486273,0.0206455332534766,7
BOC,0.000203321960507541,0.0208622390454155,3
LRRC59,0.000205501041835143,0.0210664475006952,3
CLEC19A,0.000205812525246318,0.0210790043922335,2
ENSGALG00000043582,0.000208973136505142,0.0213830738553503,5
NUTF2,0.000209399639837904,0.0214070760806695,8
CD151,0.000210419281084673,0.0214916157339404,8
ENSGALG00000026896,0.00021340118424007,0.0217762370738889,2
SSB,0.000213927834971317,0.021810024163584,8
FAM3C,0.000214630933941251,0.0218617220784845,3
LIPA,0.000217129856821208,0.0220960764883783,5
ENSGALG00000054420,0.000217914139733932,0.0221556734904998,8
ENSGALG00000008054,0.000219157767996858,0.0222618217676004,2
STEAP3,0.000220503120171411,0.0223781004808585,5
ICOSLG,0.000220958583807662,0.0224039381640115,8
PDGFD,0.000223185271140514,0.0226090972698136,6
SCARA5,0.000223387384892471,0.0226090972698136,6
ENSGALG00000050497,0.000224266601425605,0.022677504513715,10
PSMA6,0.000224690949680917,0.0226998338917659,4
NOC3L,0.000227431272995737,0.0229558869316077,9
TCF15,0.000228710287737299,0.0230641124110663,5
LYPLA1,0.000230088217474278,0.0231821083567117,4
CCDC58,0.0002330044754284,0.0234547428140145,5
ENSGALG00000029375,0.000233738236363634,0.0235073887482813,2
INIP,0.000236204457275679,0.0237126560802497,4
RHOA,0.00023614041653508,0.0237126560802497,3
CENPX,0.000246980498682881,0.0247499127127833,8
WNT2B,0.000246937051880947,0.0247499127127833,6
AIG1,0.000251199448474848,0.0251500969462536,2
ENSGALG00000047636,0.000251690981176056,0.0251767089389512,3
ENSGALG00000040263,0.000252093479746196,0.0251943751148989,4
NKAIN4,0.000253847323345879,0.0253469429924349,6
GSTO1,0.000255646575794022,0.0255037680093827,4
DNAJC8,0.000255921659125802,0.0255083947281059,8
ENSGALG00000034735,0.000256356748080222,0.0255289471327844,5
AIF1L,0.0002578449798053,0.0256542451414782,8
BRT-1,0.000258305005956472,0.025677109830473,3
ENSGALG00000054599,0.000259475888909289,0.0257705344227645,9
HYOU1,0.000261591106679226,0.0259574984477203,9
RAB7B,0.000262844812966234,0.0260587189124112,7
P2RX6,0.000265026827284576,0.0262517113163491,2
SSR2,0.00026663209045652,0.0263872829718456,3
RTFDC1,0.000267324019433857,0.0264323061342777,8
UBE2C,0.000268067083588952,0.0264823011745482,4
ENSGALG00000051776,0.000269121855578813,0.0265629740405732,2
GJA1,0.00027157739833672,0.0267816414455772,6
GPX8,0.00027572756429517,0.0271668903773666,3
HSPA2,0.000279006668435278,0.0274657110130297,4
COL5A2,0.000280392845425359,0.0275778272035187,3
ENSGALG00000043676,0.000281219044500514,0.0276347181515162,4
ENSGALG00000055073,0.000281527314679453,0.0276406581167469,2
B2M,0.000282823032784374,0.027743451078299,6
H3F3C,0.000284928708739307,0.0278770440695247,3
XBP1,0.000284934738295828,0.0278770440695247,3
GPX4,0.000284684994222739,0.0278770440695247,8
ANXA5,0.000286275741741449,0.0279836961761592,3
TSPO,0.000288978072580104,0.0282096923099744,8
LRRN1,0.000289093553108133,0.0282096923099744,2
CALML4,0.000291170427607623,0.0283875173438193,2
ENSGALG00000006292,0.000292115388648373,0.0284547728016394,5
PRDX4,0.000293144825188163,0.0285301324090415,3
CDC42EP3,0.000293947400111461,0.0285833007013891,2
DTD2,0.000295912669955545,0.0286993389161375,5
MRPL58,0.000295467980186759,0.0286993389161375,4
GJA4,0.000295763648550218,0.0286993389161375,4
LRRC17,0.000296821666668334,0.0287624878670352,3
SLC35B2,0.000298713197668166,0.0289206536603245,4
PXDC1,0.000300327954336543,0.0290517717508168,5
F2R,0.000303657401777069,0.029348386893117,10
JUP,0.000304473084171808,0.0294017442107263,4
ENSGALG00000023472,0.000305118701526941,0.0294386009223668,2
CHCHD3,0.000306047453198621,0.0294772105281815,5
AIMP2,0.000305883182096567,0.0294772105281815,5
CLIP1,0.000307103379739493,0.02955339189196,2
PPIF,0.000311777337677954,0.0299625298249494,5
PSMA4,0.000311892209002407,0.0299625298249494,4
HSPB11,0.000312239248738244,0.0299700548693429,7
HSCB,0.000314907176581558,0.0302001441660529,5
ENSGALG00000030728,0.00031576287099877,0.0302561911025866,5
TMEM56,0.000317205419924305,0.030368325567287,5
CD99,0.00031828498154618,0.0304310957737218,3
PTGS2,0.000318406756045775,0.0304310957737218,2
NIP7,0.000319243046810302,0.0304849001581615,5
MYO1A,0.000319678471631502,0.0305003660677252,5
ANKH,0.000320093622341422,0.0305138728501155,2
NDRG1,0.000321135192585809,0.0305870208665112,2
ENSGALG00000043381,0.000322199882674568,0.0306622442635624,5
HSPB9,0.000322711287858435,0.0306847307736918,5
CENPF,0.000325640279412065,0.0308886270874304,2
ENSGALG00000009250,0.000325686498122701,0.0308886270874304,3
ENSGALG00000049966,0.00032540363531719,0.0308886270874304,4
LSM3,0.000326970839273244,0.0309840890367194,4
MAGI1,0.000328825284722223,0.0311333667136254,2
ARF1,0.000330390732398489,0.0312550518961119,3
IMPDH2,0.000331141292986059,0.0312995076246508,2
MPP3,0.00033333416534953,0.0314801000854856,2
LAPTM4B,0.00033441178104654,0.0315284773324526,2
CLEC3A,0.000334387503571065,0.0315284773324526,9
ENSGALG00000026154,0.00033606440863676,0.0316575273487658,5
PPID,0.000342865364572509,0.0322709268103194,4
SNRPC,0.000343609117414267,0.0323136608672943,4
LAPTM5,0.00034658682861699,0.0325662316637311,8
NUCB2,0.000349565288002784,0.0328184474989267,9
ACVR1,0.000350320336111265,0.0328616727924142,3
SSBP1,0.000351198281862031,0.0329059982272686,4
PHLDB2,0.00035138292904302,0.0329059982272686,2
PLCB4,0.000360055744119459,0.0336898952887149,2
VPS35L,0.000361785355512234,0.0338233572258025,10
RNH1,0.000366283123254041,0.0342151741384191,4
SNX3,0.000366839218873594,0.0342384446295304,5
GLT8D2,0.000369855092639759,0.0344878873286283,3
SRI,0.000370130239854105,0.0344878873286283,8
DUSP23,0.000371935932343082,0.0346272092871409,4
CHST1,0.000373449888911193,0.0347391609076027,9
NKIRAS2,0.000377433231194324,0.0350804424133225,4
SF3B6,0.000382185904974852,0.0354926013860614,4
RARRES1,0.00039222566026198,0.0363946634622838,3
PDCD4,0.000393994478525617,0.0365284026233644,3
RAB15,0.000395313463124269,0.0366202488453638,8
TGFB3,0.000400515048864403,0.0370713126951007,3
CCT2,0.000402171989088984,0.0371753064845815,4
TCP1,0.000402305208253684,0.0371753064845815,4
TGFBR3,0.000407776645769964,0.0376497058659665,6
TMOD1,0.000409875955145855,0.0378122319787045,5
ITM2C,0.000410344638366422,0.0378241838376599,2
EMB,0.000426547398253319,0.0392852324249389,3
DHRS7,0.000428892118455204,0.0394685906140168,6
KAT6A,0.000431059263968026,0.0396353187277821,2
ENSGALG00000001604,0.000437937966288882,0.0402346366139557,2
MAP1B,0.000439382664785271,0.0403341411040712,2
PYGB,0.000440016571854773,0.0403591146814469,2
DNAJC12,0.000440993675689727,0.0404154999790257,5
LDLRAD4,0.000441507299097865,0.0404293512331001,9
ENSGALG00000010758,0.000442286753114307,0.0404675022190189,2
CIR1,0.000443257627231741,0.0405230904944859,2
P4HA3,0.00044572310128399,0.0407151137481882,6
TTL,0.000465820859823385,0.0425161469590128,3
CLDND1,0.000466817981716661,0.0425723174932006,3
EVL,0.000472968773974847,0.0430980106310223,7
EMG1,0.000484536782482947,0.0440970968071393,4
MRPS12,0.000484723745634907,0.0440970968071393,4
ENSGALG00000048488,0.000493282664316919,0.0448026455153833,9
RABGGTB,0.000493261735857176,0.0448026455153833,10
ENSGALG00000034218,0.000497224228703019,0.0451238942364124,2
DHRS3,0.000499789258252337,0.0453197994263194,3
ENSGALG00000012269,0.000505019417779362,0.0457568581826072,2
ANK3,0.00051103351689763,0.0462641779603092,5
LINGO1,0.000518801025316096,0.0469292833144359,3
NCALD,0.000520762646505801,0.0470685520484459,2
SEC61A1,0.000528154338821807,0.0476593981722185,3
CENPS,0.000528132850286633,0.0476593981722185,4
LTA4H,0.000528873388276008,0.0476857028283164,8
TFG,0.000531586032182174,0.0478195634745682,8
ENSGALG00000040001,0.000531022174571794,0.0478195634745682,8
LIFR,0.000531644248248586,0.0478195634745682,7
ZFHX3,0.000532982500083601,0.0479013045196194,2
RNF150,0.00053554656036281,0.0480929936234883,7
MATN2,0.000536932791092903,0.0481786882906061,9
ABCE1,0.000539444349643148,0.0483651390705864,4
HYAL1,0.000541140000046125,0.0484781969434902,5
MTHFS,0.000543824079933919,0.0486795510426433,7
RGS10,0.000545283385898987,0.0487710364206127,8
DYNLL2,0.00054974566345356,0.0490914145836052,5
ENSGALG00000033705,0.0005496224284538,0.0490914145836052,4
SLC25A6,0.000554236595406321,0.0494528537158859,7
PGD,0.000557209835753802,0.0496784042286135,4
SNTA1,0.0005579608814551,0.0497056314761215,2
TMEM131L,0.000559278141811448,0.0497832159224763,7
IL1RL1,0.000560201814122419,0.0498256699810726,3
ENSGALG00000030767,0.000562163998807597,0.0499603505227824,2
ATG3,0.000562707807416629,0.0499688637748121,4
